nm, nml, art, tit, nom_fichier
7, 1, MauMouse, Channeling, 007-1-MauMouse-Channeling.mp3
53, 1, Nargo, Silent Shores, 053-1-Nargo-Silent Shores.mp3
20, 1, Maxim Zinov_ev, Contemplation, 020-1-Maxim Zinov_ev-Contemplation.mp3
31, 1, Higgins, flying down, 031-1-Higgins-flying down.mp3
5, 1, The Piano Lady _Lena Orsa_, Old Russian Waltz #2 _ Romantic Piano Music, 005-1-The Piano Lady _Lena Orsa_-Old Russian Waltz #2 _ Romantic Piano Music.mp3
27, 1, Sound Creator, Romantic Piano, 027-1-Sound Creator-Romantic Piano.mp3
6, 2, Dclef, Glistening advent, 06-2-Dclef-Glistening advent.mp3
14, 1, Miguel Angel Albentosa Bo _MaaBo_, Vistas al Mar _piano_, 014-1-Miguel Angel Albentosa Bo _MaaBo_-Vistas al Mar _piano_.mp3
17, 1, Lonely Piano, lockdown blues, 017-1-Lonely Piano-lockdown blues.mp3
54, 1, Naturalbodyartist, thebesticando, 054-1-Naturalbodyartist-thebesticando.mp3
34, 1, beemaztar, The southern train, 034-1-beemaztar-The southern train.mp3
5, 2, Dclef, Icedrops on winter river, 05-2-Dclef-Icedrops on winter river.mp3
52, 1, Maya Filipi_, Rainbow, 052-1-Maya Filipi_-Rainbow.mp3
7, 2, Dclef, Evening mood, 07-2-Dclef-Evening mood.mp3
49, 1, Jacques NEUEN, In the clouds, 049-1-Jacques NEUEN-In the clouds.mp3
23, 1, Abydos Music, Claude Debussy Arabesque 1, 023-1-Abydos Music-Claude Debussy Arabesque 1.mp3
38, 1, Philipp Conta, Fantasia No.4 misterioso, 038-1-Philipp Conta-Fantasia No.4 misterioso.mp3
22, 1, Ilia Kutepov, solemn nocturne, 022-1-Ilia Kutepov-solemn nocturne.mp3
39, 1, Matteo Maria Di Tommaso, Nuvole di pensieri, 039-1-Matteo Maria Di Tommaso-Nuvole di pensieri.mp3
1, 2, Dclef, Little girl, 01-2-Dclef-Little girl.mp3
4, 1, Galdson, Roots, 004-1-Galdson-Roots.mp3
60, 1, Guillaume Robbe, happy end, 060-1-Guillaume Robbe-happy end.mp3
3, 2, Dclef, Dancing flakes from east, 03-2-Dclef-Dancing flakes from east.mp3
3, 1, christo4us, luminos, 003-1-christo4us-luminos.mp3
32, 1, FollowMe, Emotional Piano Ballad, 032-1-FollowMe-Emotional Piano Ballad.mp3
37, 1, Roger Subirana Mata, Enjoit, 037-1-Roger Subirana Mata-Enjoit.mp3
51, 1, Marc Corominas Pujado, Blossom Rush, 051-1-Marc Corominas Pujado-Blossom Rush.mp3
36, 1, Ronny Matthes ,  Pianist und Komponist _GEMA, 036-1-Ronny Matthes - Pianist und Komponist _GEMA.mp3
28, 1, Hakim El Kassimi, The Reason, 028-1-Hakim El Kassimi-The Reason.mp3
45, 1, Alessandro Simonetto, alessandro_simonetto_satie_early_and_esoteric_works_i_09_trois_gnossiennes_i._lent, 045-1-Alessandro Simonetto-alessandro_simonetto_satie_early_and_esoteric_works_i_09_trois_gnossiennes_i._lent.mp3
47, 1, Renatus Cartesius, Un Soir Romantique _Re, 047-1-Renatus Cartesius-Un Soir Romantique _Re.mp3
43, 1, Rob Costlow, L.A._Passing By, 043-1-Rob Costlow-L.A._Passing By.mp3
2, 1, Lite Saturation, Tranquil Touch _Background Piano Instrumental_, 002-1-Lite Saturation-Tranquil Touch _Background Piano Instrumental_.mp3
26, 1, Evgenia Kostitsyna, Acceptance, 026-1-Evgenia Kostitsyna-Acceptance.mp3
44, 1, Carlos Rives, Melodia para Maria 1, 044-1-Carlos Rives-Melodia para Maria 1.mp3
9, 1, christo4us, il colibri, 009-1-christo4us-il colibri.mp3
18, 1, Luxius, Volemos Juntos Piano solo Instrumental, 018-1-Luxius-Volemos Juntos Piano solo Instrumental.mp3
24, 1, The Piano Lady _Lena Orsa_, Mazurka _ Classical Piano Music, 024-1-The Piano Lady _Lena Orsa_-Mazurka _ Classical Piano Music.mp3
19, 1, Pavel Kraskoff, River of time, 019-1-Pavel Kraskoff-River of time.mp3
13, 1, Madi ,  Composer, 013-1-Madi - Composer.mp3
8, 1, Lite Saturation, Run to the Dream _Romantic and Beautiful Background Piano Music_, 008-1-Lite Saturation-Run to the Dream _Romantic and Beautiful Background Piano Music_.mp3
40, 1, Stefan Kartenberg, Daydreamer, 040-1-Stefan Kartenberg-Daydreamer.mp3
25, 1, LW&sect;LH, Silence, 025-1-LW&sect;LH-Silence.mp3
59, 1, Dave Imbernon, Tree, 059-1-Dave Imbernon-Tree.mp3
4, 2, Dclef, Cherry Blossoms, 04-2-Dclef-Cherry Blossoms.mp3
58, 1, Piano Dreamer, blue monday evening piano jazz session, 058-1-Piano Dreamer-blue monday evening piano jazz session.mp3
46, 1, Alexander Klein, love letters, 046-1-Alexander Klein-love letters.mp3
55, 1, AurbanniAudio, Mozart Sonata No.4 K.282 Allegro, 055-1-AurbanniAudio-Mozart Sonata No.4 K.282 Allegro.mp3
2, 2, Dclef, Donata, 02-2-Dclef-Donata.mp3
21, 1, ABSounds, Bach Ave Maria Jazz Piano, 021-1-ABSounds-Bach Ave Maria Jazz Piano.mp3
41, 1, Ashot_Danielyan_Composer, Be My Sunshine _Piano Solo, 041-1-Ashot_Danielyan_Composer-Be My Sunshine _Piano Solo.mp3
50, 1, M.V. Pogliaghi, Moonshining _Improvviso Op.#7_, 050-1-M.V. Pogliaghi-Moonshining _Improvviso Op.#7_.mp3
48, 1, Jorgen Kruse, Shauna_s Theme, 048-1-Jorgen Kruse-Shauna_s Theme.mp3
10, 1, DHDMusic, Autumn Impression, 010-1-DHDMusic-Autumn Impression.mp3
15, 1, Carlos Carty, PIECES OF REDEMPTION, 015-1-Carlos Carty-PIECES OF REDEMPTION.mp3
11, 1, Arto Kumanto, Every Moment, 011-1-Arto Kumanto-Every Moment.mp3
57, 1, Fabio Confalone, Parlami di lei, 057-1-Fabio Confalone-Parlami di lei.mp3
12, 1, KAENEL, Toujours l_enfant cherche sa mere, 012-1-KAENEL-Toujours l_enfant cherche sa mere.mp3
6, 1, Simon Armitage, Highland Fayre, 006-1-Simon Armitage-Highland Fayre.mp3
33, 1, Roman Syrgi, In the heart _piano version_, 033-1-Roman Syrgi-In the heart _piano version_.mp3
1, 1, Oscar Avila, I_taca, 001-1-Oscar Avila-I_taca.mp3
29, 1, AurbanniAudio, Clair De Lune, 029-1-AurbanniAudio-Clair De Lune.mp3
16, 1, Raw Vibrations, Gentle Classical Piano Waltz, 016-1-Raw Vibrations-Gentle Classical Piano Waltz.mp3
30, 1, ________ ______, Close To You, 030-1-________ ______-Close To You.mp3
56, 1, Dylan Hunger, Beyond, 056-1-Dylan Hunger-Beyond.mp3
42, 1, michael lerm, Lyrical Romantic Piano, 042-1-michael lerm-Lyrical Romantic Piano.mp3
35, 1, Sound Gallery by Dmitry Taras, Soft Piano, 035-1-Sound Gallery by Dmitry Taras-Soft Piano.mp3
